blue_mean,crop,field_id,green_mean,lat,lon,ndvi_max,ndvi_mean,ndvi_min,ndvi_std,ndwi_mean,nir_mean,red_mean,state,swir1_mean,vh_mean,vh_std,vh_vv_ratio,vv_mean,vv_std,ndvi_range,ndvi_slope
0.11422446016313921,Wheat,UP_W_001,0.1327369940625735,26.85,80.91,0.35854648239097375,0.21950342824952362,0.05681800369755906,0.07703608960878415,-0.25288289803029396,0.2207043958676053,0.14264736338369474,UP,0.22192380748425802,-13.832809343830668,2.484072422487438,0.20925426947919754,-6.676096134669184,2.536442679781559,0.3017284786934147,0.007703608960878416
0.11302789767206926,Wheat,UP_W_002,0.13583487934700073,26.92,80.95,0.3856822274907103,0.2544785569833888,0.11333829976374368,0.0682875623375624,-0.2839931645415165,0.23952745509429005,0.14555108747244877,UP,0.2337556125826994,-14.321100785900082,2.4502502759435174,0.21522335704226184,-7.0875573180399805,2.524990802583099,0.2723439277269666,0.006828756233756241
0.07996925964951891,Wheat,UP_W_003,0.11264269628882723,27.18,79.42,0.7744822760740523,0.4057264539273171,0.1522730542314908,0.18300654451879483,-0.4290881133864544,0.293148152982627,0.12012499566599819,UP,0.25314175598946576,-18.56872289465222,3.3265532932364623,0.17644029293314564,-10.914335471066336,2.6833866894631675,0.6222092218425614,0.018300654451879485
0.11257374011975345,Wheat,UP_W_004,0.13783443096538778,27.55,79.67,0.7654455617517926,0.4240002022919185,-0.004791011866064139,0.2144088900522289,-0.40914163330559417,0.29861269316656525,0.13271699815209395,UP,0.23963795607495667,-18.810879790479316,3.268061564507884,0.2027822486331627,-11.759360929726911,2.5221539981420604,0.7702365736178567,0.021440889005222893
0.12388000505165245,Wheat,UP_W_005,0.13610776607441216,28.63,77.38,0.29117191381558,0.15900729363385813,0.013847204259649479,0.06635002632529265,-0.19017163569467288,0.19705420433794105,0.14449629006497183,UP,0.20217888202729997,-14.507606072697968,3.10225550340285,0.11852037220603809,-4.784516940070273,2.990666737359164,0.2773247095559305,0.006635002632529265
0.15524611263620602,Wheat,UP_W_006,0.16229258882240943,28.7,77.45,0.38218870033619845,0.22172009487578978,-0.039507181471256037,0.09299033203938724,-0.25580080839618735,0.23876690076050472,0.16651009024034888,UP,0.24331173319949173,-13.95986495224401,2.6994824811960756,0.2719478270860283,-8.046085429856873,2.6634180296893435,0.4216958818074545,0.009299033203938723
0.10117249238988828,Wheat,UP_W_007,0.12003938921513747,26.45,80.35,0.3584178312939349,0.22443174470976704,0.047972378427457045,0.06465353147868699,-0.2633135777758565,0.20486483620983784,0.13104918673588584,UP,0.21001122006049158,-13.522995820141839,2.4317498187952356,0.22827496484506474,-6.823211656544135,2.5546899244946744,0.31044545286647784,0.0064653531478687
0.10160059377007842,Wheat,UP_W_008,0.13098389171920974,26.78,81.0,0.5407026085499141,0.3424416928378032,0.17325401916622502,0.09427422471988729,-0.36481456475309637,0.27835127268457244,0.13904426756508093,UP,0.26932430689317294,-16.96012602508619,2.861395635816782,0.23800396417238398,-10.502681570438918,2.370777305969694,0.36744858938368913,0.00942742247198873
0.10027979878211096,Wheat,UP_W_009,0.1269551058274633,27.22,79.0,0.5847836662071552,0.3496923516821252,0.08130085611815792,0.12145281093863723,-0.37925872956421436,0.27221067457336073,0.1368763595880182,UP,0.26903067097478967,-17.00602107656853,2.8293824821127043,0.22245621866445278,-10.267234350662612,2.4856120356784825,0.5034828100889972,0.012145281093863723
0.10736213808686963,Wheat,UP_W_010,0.12973848813398603,28.4,79.45,0.3828388569536756,0.23735431581885194,0.10925100114604522,0.07270430927544302,-0.26953334542543356,0.2261730248843111,0.13993610038456328,UP,0.23173588043190452,-14.886598799138742,2.3961390567474847,0.2724361326957,-9.09344079281871,2.293135796507894,0.27358785580763034,0.007270430927544303
0.10547940938279304,Wheat,UP_W_011,0.13498130790351673,26.5,80.5,0.5491632359816044,0.3297911267605717,0.1319347887594774,0.11788105231409995,-0.3603716640862363,0.2825581547588993,0.14659544229370508,UP,0.29658797567782286,-18.83496193610454,3.0992005516189063,0.2136359575908573,-11.960354071729009,2.457851022498771,0.41722844722212704,0.011788105231409995
0.11928909322320294,Wheat,UP_W_012,0.13728513681775292,27.9,78.1,0.41594453477136845,0.23938760114191224,0.031002650522686998,0.07461214284578216,-0.26622481348301497,0.23009420125188368,0.14456730413272156,UP,0.22234598362462085,-14.342315869750339,2.3658771179839935,0.2932005902046323,-8.821351649886749,2.2746237611568993,0.3849418842486815,0.007461214284578216
0.11289232725581694,Wheat,UP_W_013,0.13587363171533479,28.05,78.5,0.7202136780515137,0.37592427137757123,0.039023046152983916,0.17818405553064798,-0.3869631493803252,0.28288492340719384,0.14034833984628212,UP,0.2656348695532405,-17.8851136966977,2.9458154572135298,0.22004535024626978,-11.16698302793944,2.2489670055890367,0.6811906318985298,0.017818405553064798
0.07891783535623413,Wheat,UP_W_014,0.10521192521008771,26.3,81.5,0.7897051257902123,0.5076684627681279,0.06247859992241615,0.20993877973694647,-0.5113948711803196,0.3005602171677585,0.10818339090395401,UP,0.22811057312051009,-17.661625220231013,2.8522166120445402,0.24124661148811524,-11.422614486156357,2.2934631171366737,0.7272265258677962,0.020993877973694647
0.08570239489864219,Wheat,UP_W_015,0.11363127980861713,27.65,78.8,0.7974245452171843,0.4432607349650941,0.13706951235458378,0.20073167823112592,-0.4480914991972794,0.29009832080169146,0.1155392130829162,UP,0.23890965386473437,-18.27629616354359,3.683345338700233,0.20787009714378885,-11.355231534174926,2.4981175373846196,0.6603550328626006,0.020073167823112595
0.08622495151212395,Mustard,UP_M_001,0.1174937810904059,27.4,78.0,0.9113341830562933,0.375242498576068,0.07617907261071687,0.26511103615136317,-0.411971322840548,0.28457153540380137,0.13156732905971708,UP,0.26057862979938806,-20.248181844863954,4.317162774046818,0.175387154417934,-12.57950318061098,2.81920689213266,0.8351551104455764,0.026511103615136318
0.09090416417537792,Mustard,UP_M_002,0.12489368277600135,27.5,78.1,0.87722023717644,0.37214005547228535,0.03692942979013115,0.24811380520297585,-0.3974882259608451,0.2982359432167259,0.1337717216618883,UP,0.26723351842497345,-19.456176094289578,4.634534389382883,0.15056846571083726,-11.111910722416729,3.040980531373366,0.8402908073863089,0.024811380520297587
0.10235985990845206,Mustard,UP_M_003,0.14001938835477734,27.35,77.9,0.8441152730009736,0.31404397155891883,0.07619261198349102,0.238840847548309,-0.3627822337056617,0.29813932733473103,0.1592908455206598,UP,0.2902894037509123,-21.093079188129725,5.502501194967447,0.1427674984386202,-12.449197403266295,3.253639938209252,0.7679226610174825,0.023884084754830903
0.08240848881691928,Mustard,UP_M_004,0.11321110517860394,27.6,78.2,0.7909855892050125,0.4137052232966943,0.12542536708564953,0.20604328319862375,-0.42611548866194077,0.2921155689326473,0.11717837340725053,UP,0.24865238465597783,-18.378998843593244,3.900425232697442,0.18512212126309216,-10.899131449895538,2.8020219171730845,0.6655602221193629,0.020604328319862378
0.08990240653005961,Mustard,UP_M_005,0.12072422930183445,27.25,77.8,0.8319049080064833,0.3935900738243966,0.0835158729332817,0.22722121288387295,-0.41440873593497674,0.2948973955211629,0.12898526341297556,UP,0.2632591427327788,-19.27798590659679,4.2578966691618145,0.18686022639775865,-11.795433723119723,2.7989524189287565,0.7483890350732016,0.022722121288387298
0.08622491486071271,Mustard,UP_M_006,0.11546399108342272,27.7,78.3,0.7758170906606763,0.40304869295110807,0.15770182725540322,0.2027142011115661,-0.4115694621161908,0.2867367648565445,0.11980831524185317,UP,0.2509183424217526,-18.61237522694372,3.5687990147944832,0.20563675476085438,-11.663795871039015,2.616433776762379,0.6181152634052731,0.02027142011115661
0.08042536022961844,Mustard,UP_M_007,0.11152027443305966,27.15,77.7,0.8739756133271582,0.42219180089754843,0.08477334197900813,0.25966013537774085,-0.4407958789451498,0.29481015845448816,0.11852232392288155,UP,0.2547456156163387,-19.33705397195062,3.6499547954604514,0.18547240687554178,-11.926754528780213,2.676802180427,0.7892022713481501,0.025966013537774085
0.08453774269195044,Mustard,UP_M_008,0.11710046300275882,27.8,78.4,0.794077167430555,0.43432397050949373,0.163427929498439,0.20170872728817735,-0.43644930074402566,0.30628194582141716,0.11911626677120166,UP,0.25609763345153913,-18.555277574864476,4.105450219156794,0.19721788640663668,-11.448558262261042,2.7551485536332327,0.630649237932116,0.020170872728817735
0.09179993391928076,Mustard,UP_M_009,0.12582546909236353,27.45,78.05,0.8342919170101084,0.34735286590320186,0.07759736474039766,0.22480589519077118,-0.38392560130897035,0.28845517469865356,0.13903637343995898,UP,0.2686375065284978,-19.074450434431718,4.200830985060939,0.1623782569671971,-10.971733230954179,3.001516106428074,0.7566945522697107,0.02248058951907712
0.09076009506334412,Mustard,UP_M_010,0.12220127527449356,27.55,78.15,0.7247354393053888,0.36224467927397025,0.11396768316146201,0.18211849387717893,-0.383264235889924,0.280366100229874,0.12981662099538627,UP,0.25209973960450927,-18.133089417610393,3.633587261865419,0.166150821988277,-10.151243337361919,2.8882374508787754,0.6107677561439268,0.018211849387717895
0.08877844354070646,Rice,UP_R_001,0.11576631243268165,26.12,83.2,0.7634707381974922,0.4285238758189297,0.164239715315333,0.18988369499859947,-0.4352033540313145,0.29198347086869286,0.12048143955539614,UP,0.2619590945575115,-18.035268544688552,3.3007851531014265,0.1982409230069049,-10.906663169058449,2.581803448001965,0.5992310228821592,0.01898836949985995
0.08465801697831174,Rice,UP_R_002,0.11005300351182759,26.2,83.3,0.799872548896856,0.4699447723364968,0.17253837932054628,0.21692739529986838,-0.4670750901391134,0.3015450671466233,0.11265413062495809,UP,0.24348034296057644,-17.844984485290652,3.3187921855233715,0.2124497472612995,-11.051662152361423,2.578560784225947,0.6273341695763097,0.021692739529986838
0.07543537835250416,Rice,UP_R_003,0.10234161769528245,26.75,82.1,0.7496885139227183,0.45356997890033257,0.13171251915219048,0.18733167501856346,-0.45627368064135787,0.2698127914338404,0.10478087094482005,UP,0.2322988966248427,-18.032307337728334,2.9063461411766496,0.21490928197657252,-11.287264445456598,2.316341724008527,0.6179759947705278,0.018733167501856347
0.08515672780165934,Rice,UP_R_004,0.1106498575176578,26.0,83.0,0.8077811644026889,0.46002355134568623,0.12579233942297308,0.22566554625445537,-0.4510370211061818,0.2909451888955609,0.11137100056650587,UP,0.23502004339623173,-17.86366140481703,3.3975608167194817,0.19538276581648673,-10.700679572412334,2.7553058554259953,0.6819888249797158,0.022566554625445538
0.0756761535209804,Rice,UP_R_005,0.09829943270932602,25.9,84.6,0.7468103165170236,0.46170369734128686,0.2007259297272777,0.1712366243827502,-0.4535383952840914,0.2620262582541318,0.09790734704263633,UP,0.20580073983275698,-16.937906083019147,2.8747741782758522,0.21382887220860836,-10.149509978550594,2.497646094684132,0.5460843867897458,0.017123662438275022
0.11465085010425885,Rice,UP_R_006,0.14648521669109177,26.3,83.4,0.33112043844500777,0.1021876103675434,-0.25469991779953527,0.15841384083715288,-0.08940639433108431,0.21116448748712754,0.14721040252328813,UP,0.19345439705549441,-25.58982509566742,5.23387525111205,0.14692539239455135,-16.494943001309213,3.4133171874262787,0.585820356244543,0.015841384083715288
0.09247492703752246,Rice,UP_R_007,0.11856541870930798,26.05,83.1,0.7707710605146428,0.44989669920341496,0.15003549618161646,0.1979170475669038,-0.44359150964090316,0.30645164002852165,0.11969156557834491,UP,0.2645288022746741,-18.231265993264813,3.3847139900620626,0.1868498777409487,-10.834194641017843,2.7220200889458233,0.6207355643330263,0.01979170475669038
0.07710953751895022,Rice,UP_R_008,0.10093359356173025,26.85,82.2,0.7363909946713973,0.4547244950801952,0.1641731705742285,0.17967725392500025,-0.44620970604576166,0.2637822570161899,0.09992412987711273,UP,0.2150057659393028,-17.63791528642305,2.824494907289307,0.21803410110007387,-10.934847757482883,2.3551845681474775,0.5722178240971688,0.017967725392500026
0.1003342203722283,Rice,UP_R_009,0.12361711451923064,26.15,83.25,0.7756445653394552,0.4202647954663312,0.08515342743210245,0.22181915318650958,-0.4121502563706536,0.28983654798064273,0.12406237539372487,UP,0.2398809995347548,-18.688014966393286,3.6765898095072367,0.19143793759080768,-11.376844714173176,2.6860968424692233,0.6904911379073528,0.02218191531865096
0.07377475387896677,Rice,UP_R_010,0.09825873598061807,25.95,84.5,0.7736444761621795,0.49162927195354583,0.19737067976882694,0.17474856048702317,-0.48418713407828884,0.28531942827378415,0.09838712935917021,UP,0.23201332864553603,-17.79818742296195,2.892373932220603,0.2067896254445293,-10.871386036681415,2.4343560247395,0.5762737963933525,0.017474856048702317
0.08772948652933335,Sugarcane,UP_S_001,0.10706509475952461,26.45,80.33,0.4462869096376575,0.285054917380678,0.09815766953620099,0.07707642971848774,-0.31258350364351595,0.2043247896141489,0.11455832183402657,UP,0.19247597520343968,-12.87158625915797,2.4104041191908,0.24699147965422935,-6.5914474103294545,2.4597219021239063,0.3481292401014565,0.007707642971848775
0.09102470972307977,Sugarcane,UP_S_002,0.11959110884162545,26.52,80.4,0.676527136368104,0.4040231829690881,0.14651141539036128,0.1425729825301236,-0.4173387561877833,0.2906908027685771,0.12478705286821577,UP,0.2529348699712075,-17.47815211402144,2.790319831779885,0.2168359909747623,-10.765963544950242,2.3728324276710775,0.5300157209777427,0.014257298253012361
0.10331935390711391,Sugarcane,UP_S_003,0.11838392808201285,28.98,77.7,0.22546488563629016,0.12422219334384993,0.03704181920463433,0.047875968022022465,-0.17634089980977655,0.1680447081214567,0.13146322368355243,UP,0.19390111113880226,-12.991074849838096,2.3255739662047272,0.2742106758392909,-6.9102402982602635,2.4335676242154265,0.18842306643165585,0.004787596802202247
0.08358728722522259,Sugarcane,UP_S_004,0.10643261012893356,29.1,77.6,0.6044314700794353,0.38635717776064965,0.17130380675354728,0.13325256606586017,-0.38726140420305016,0.242687423079963,0.10825250152408207,UP,0.2100297091438584,-17.412840748827648,2.7078558192495303,0.23001592474923233,-10.888191931839907,2.3343570966734193,0.43312766332588803,0.013325256606586018
0.09338298954491261,Sugarcane,UP_S_005,0.13195152755177433,26.6,80.45,0.755995555734802,0.3720121917938743,0.1316931276301787,0.1995223098643119,-0.39978260298021573,0.3094289095666727,0.14363833989689279,UP,0.28252884442192916,-18.55266713913194,3.86798680335531,0.17784289936162598,-10.937655952824501,2.7398391913917535,0.6243024281046233,0.01995223098643119
0.06048598098668617,Sugarcane,UP_S_006,0.08738405482722035,28.85,77.8,0.8102693277612323,0.5080113089909374,0.15634782200848127,0.1946295147097811,-0.5021822271016527,0.2669794859152394,0.08733646353493238,UP,0.20296379219446625,-18.09822239822017,3.538188867766314,0.2045935664424906,-11.130124210765903,2.5563907459490047,0.653921505752751,0.01946295147097811
0.06525195244229191,Sugarcane,UP_S_007,0.09011067846892372,29.2,77.55,0.7915355643055623,0.5212437690302483,0.19047547043975305,0.1853668448527839,-0.5005630364826229,0.26836352752832904,0.08648292601935419,UP,0.19745099682159745,-17.74689358819559,2.8739168373660897,0.21968551748538856,-11.102213669810041,2.383517469730888,0.6010600938658093,0.01853668448527839
0.079631451473774,Sugarcane,UP_S_008,0.11171273010015237,26.55,80.38,0.805217329160276,0.430362006188215,0.14001456802015297,0.21966915042459922,-0.45801062141341153,0.2993668414762122,0.12266065831148544,UP,0.2639205785928378,-18.872400554118087,3.5564627193181404,0.1883138345805793,-11.54392210230418,2.6074923292743244,0.665202761140123,0.021966915042459925
0.0824687848479772,Sugarcane,UP_S_009,0.11109261996926575,28.9,77.75,0.7217684854004323,0.37960578562649083,0.09205286511113825,0.19381146395468554,-0.40332544272335097,0.2715270332830086,0.11853760590237532,UP,0.2397942318544749,-18.509033547639586,3.6563742676840074,0.1784766256978325,-10.824527014675931,2.776690772010595,0.629715620289294,0.019381146395468556
0.0774243836744028,Sugarcane,UP_S_010,0.10336942522146296,29.05,77.65,0.7020805236666335,0.39318515502475804,0.17034365662909307,0.16368870153084952,-0.4107197165389654,0.2482099975979544,0.10938755421409745,UP,0.2299311069884376,-18.39701586413644,2.9988531297626793,0.19574262651905977,-11.160387765627778,2.430619523168723,0.5317368670375404,0.01636887015308495
0.0744635012295129,Potato,UP_P_001,0.11158748690796719,27.2,79.5,0.8153688723561158,0.4128751811938331,0.1781135916935502,0.18692739643988934,-0.4548756569462501,0.3044192422858561,0.1255726333579283,UP,0.28292307468451994,-18.766652682311175,3.5765281568414666,0.17369342951201364,-11.062627998402428,2.7430523874423485,0.6372552806625655,0.018692739643988935
0.07617275554627102,Potato,UP_P_002,0.11322395463137866,27.3,79.6,0.7463392590973472,0.42318812196943245,0.1881301618782488,0.17633649907047386,-0.4592982202938,0.30738924154515385,0.1257964466459457,UP,0.27744244430084447,-18.898399405923477,3.63974355471525,0.1737220612373495,-11.192404163542314,2.76865507495186,0.5582090972190984,0.017633649907047386
0.12233402648711858,Potato,UP_P_003,0.1426441949991806,26.8,80.9,0.26028618196405146,0.16092253694570735,0.06340880602874717,0.04972378852590903,-0.2081448026766373,0.21603284317847285,0.15741636727874844,UP,0.23109486248810412,-13.436909706090988,2.597191002836584,0.24657077169806466,-6.913403389182999,2.666008744721868,0.1968773759353043,0.004972378852590904
0.07981443504740254,Potato,UP_P_004,0.1117386819534309,27.1,79.4,0.8274877739963666,0.4335413295778326,0.14759276855361397,0.20972714024921418,-0.4423990596725593,0.29723210063003,0.11494101530522535,UP,0.25742307878766474,-18.30167710769861,3.8676867595262867,0.16361614060035964,-10.329252743019712,2.8792601967225777,0.6798950054427526,0.02097271402492142
0.137733053649441,Potato,UP_P_005,0.15679163320690312,27.0,79.3,0.8376751854538683,0.3932002779441583,-0.011814497289848827,0.2520015954170854,-0.39343600698155046,0.32054757795269917,0.1526660857184317,UP,0.2574302586209462,-18.7577776743494,3.739331843634474,0.19316391108028053,-11.55539093795537,2.6314504687667992,0.8494896827437172,0.02520015954170854
0.11394252976420449,Potato,UP_P_006,0.14113426320774755,27.4,79.7,0.8629559565910273,0.3708998382880337,0.04732193096582796,0.2715748356740955,-0.3760346474097488,0.2967261696034518,0.14254493436537116,UP,0.24847977913784458,-18.995988841421806,3.4208958526782047,0.19225082304124785,-11.769948514979102,2.61909402981184,0.8156340256251994,0.027157483567409553
0.10019843995666615,Potato,UP_P_007,0.1336048350776003,26.9,80.85,0.6264841328225567,0.39623463762049027,0.12548602585458873,0.1311437839457667,-0.4113680817904534,0.30788223584763147,0.1398251072626885,UP,0.286985260785227,-17.407544531901195,2.717745737391497,0.20615472692040285,-10.410028727875126,2.240537102908162,0.5009981069679679,0.013114378394576671
0.06358569519118712,Potato,UP_P_008,0.08981628031640289,27.15,79.45,0.8766944955953071,0.4913226438495525,0.12511507857726373,0.25757316925678453,-0.48136462145062175,0.27389947603955683,0.09008371420474794,UP,0.20279038912475103,-19.31159048009116,3.508210359486044,0.17958083544319625,-11.796445098711036,2.78149012692062,0.7515794170180434,0.025757316925678453
0.11712025584714174,Lentil,UP_L_001,0.13355671591911297,25.32,82.98,0.40704469699472534,0.26583127060553313,-0.044751075773264565,0.09570864680912884,-0.28657308417236504,0.22792644426931508,0.1388575546932798,UP,0.22515113392511674,-14.66685919082209,2.4393525304773194,0.18382887908418652,-7.020294945261143,2.6741251466218037,0.4517957727679899,0.009570864680912885
0.08041100116425322,Lentil,UP_L_002,0.10670189204235421,25.4,83.05,0.7599975538933003,0.4679326706575394,0.1486479086193413,0.1721956557238582,-0.4652670977065144,0.2880487345128321,0.10743546335744142,UP,0.24183365299230478,-17.40667714525447,2.8324329824209267,0.1906227794536077,-10.125846628265718,2.6041093961344375,0.611349645273959,0.017219565572385822
0.13299003721739203,Lentil,UP_L_003,0.15181959005930826,25.28,82.9,0.5693600945628473,0.3462271207987829,-0.013372143628347977,0.1337801336357563,-0.3505526745112808,0.28967020906119934,0.15371659923169434,UP,0.27035536378695274,-16.72337116460395,2.722332775629515,0.16365453459166335,-8.666756997973367,2.8152610897418016,0.5827322381911952,0.01337801336357563
0.09886216371769815,Lentil,UP_L_004,0.12207132814431511,25.45,83.1,0.6714616854135453,0.41538742238813414,0.15553944192339522,0.16540364931378285,-0.4163891145008416,0.2880038915742561,0.12358583274363037,UP,0.2509445663676049,-17.439812903823675,2.9412471181957875,0.1987206638667474,-10.282281012350131,2.5638384136331087,0.5159222434901501,0.016540364931378285
0.1189483305429004,Lentil,UP_L_005,0.13664553669145144,25.35,83.0,0.32591210903416595,0.19745412220909608,-0.04565677463884342,0.0796740002958291,-0.23454183432879322,0.21858436651761237,0.1478924854383885,UP,0.2330820619028552,-14.825219289048771,2.554738454136675,0.13954459433554864,-6.015334962918153,2.9540593341384196,0.3715688836730094,0.00796740002958291
0.10851895861692959,Lentil,UP_L_006,0.13751699537644477,25.5,83.15,0.7874583965152904,0.38363346055796516,0.0503397775619095,0.23580347548236544,-0.3970300696474983,0.30649697692045613,0.14379365504064906,UP,0.27638300163797214,-18.94887733433932,3.454216026582701,0.18335072090857824,-11.492022792783533,2.61249084356926,0.7371186189533808,0.023580347548236544
0.11533980288585624,Lentil,UP_L_007,0.13902416741481316,25.25,82.85,0.7355395861358017,0.41563105011155593,-0.017340305954659893,0.20132581278289696,-0.421666559452742,0.31052153834033425,0.1421783284711105,UP,0.2730531490083857,-18.13777670919545,3.146209597371083,0.1813661449095746,-10.653293020330894,2.644478939863872,0.7528798920904616,0.020132581278289697
0.09655987342152261,Lentil,UP_L_008,0.12352915358922545,25.55,83.2,0.7483531609759619,0.4476697654339239,0.07650861317007429,0.20580434352962773,-0.4387382821561791,0.3028914460262707,0.12381238142411716,UP,0.24573078041745594,-17.4848684887365,3.0033967897901728,0.2125007146969068,-10.66747184789759,2.5671548449469057,0.6718445478058876,0.020580434352962775
0.10301026352563411,Rice,BH_R_001,0.11728605465870781,25.61,85.14,0.3180806895624704,0.18125023409352745,-0.018211154294171347,0.06728617002352669,-0.2211618959610725,0.1810013576565078,0.12710422350922837,Bihar,0.19741114326494652,-13.796066906693673,2.9782499581954522,0.10672541784651067,-3.2964009707267032,3.3525795382600236,0.33629184385664174,0.006728617002352669
0.0926692178990512,Rice,BH_R_002,0.11336732445632246,25.7,85.2,0.511110763337453,0.3079224794031504,0.06999199159830323,0.09999470686599571,-0.3255687030954134,0.2234810058644434,0.11900254814709141,Bihar,0.21295791959074858,-16.869527183230215,2.842381355832263,0.11630374673826753,-6.962926943513983,3.132633294530712,0.44111877173914976,0.009999470686599572
0.057645417954979475,Rice,BH_R_003,0.07969047951909813,25.5,86.1,0.802558218961093,0.5428313935806439,0.2771958336219925,0.1399762753975845,-0.5293331549231763,0.26451298014355457,0.07690202725791853,Bihar,0.20083867788406978,-15.99376267998631,2.4280778766962583,0.20567446006527856,-9.039097386924697,2.2344987413374184,0.5253623853391005,0.013997627539758452
0.10540916975393019,Rice,BH_R_004,0.12366997044831646,25.8,85.3,0.7378891488824582,0.4596579284275433,0.02272546354883904,0.18499206317293868,-0.427567589547109,0.2816356520437337,0.11538928488515807,Bihar,0.21247196171229832,-17.009466928090436,2.747535800264937,0.18406739630494767,-9.546779760186428,2.448371543923106,0.7151636853336191,0.01849920631729387
0.0600406415847352,Rice,BH_R_005,0.08444544581084462,25.55,85.9,0.7351420712355967,0.4505893554339694,0.0621641095268339,0.18882192205044956,-0.414910532425789,0.24109731509530968,0.07800576300351059,Bihar,0.1809064848931154,-17.70926745553183,3.1832715574862522,0.20387961656180345,-10.690486500818484,2.606075447242099,0.6729779617087628,0.01888219220504496
0.12356759452521406,Rice,BH_R_006,0.15838179478701553,25.65,85.18,0.4013985843956669,0.19251359813930882,-0.15084155338014538,0.1352864670884709,-0.22145497673652823,0.2476315443626698,0.17111077290361842,Bihar,0.2477311967559539,-23.75087171379955,4.6351404731578265,0.14921456211373052,-13.893707269428845,3.253316904741442,0.5522401377758123,0.01352864670884709
0.0641769756820371,Rice,BH_R_007,0.08350485764368695,25.75,85.25,0.6955190651182851,0.47314501062097714,0.1587379144002248,0.1261427649816843,-0.44361881246313134,0.2203487315978443,0.07791655201464967,Bihar,0.16066476635959892,-17.098513219141438,2.604555327127848,0.18456128096210955,-9.585661106635422,2.3392895932026385,0.5367811507180603,0.01261427649816843
0.06475759578699385,Rice,BH_R_008,0.08774907069629878,25.45,86.05,0.722424584858384,0.4500092652846988,0.21185223145308038,0.14321329758169804,-0.4579424689388806,0.24051850209968442,0.09025941411553409,Bihar,0.20131451857765514,-16.31283322597836,2.5641880029925512,0.19342553291720496,-9.056649030688568,2.3746321344934294,0.5105723534053036,0.014321329758169805
0.050240787103009346,Wheat,BH_W_001,0.0680753747763387,25.6,85.1,0.9012809953082485,0.6068768931274672,0.15281847795480852,0.13910140535191642,-0.5669913793153545,0.2446562769655819,0.06039086132431413,Bihar,0.1715310322293329,-15.821398716997535,2.41089873291433,0.203814287091027,-8.835560062592295,2.2684249953832176,0.7484625173534399,0.013910140535191642
0.09145888017890398,Wheat,BH_W_002,0.12345995909907398,25.68,85.15,0.3502442155789212,0.001109523850314963,-0.458406557112405,0.2075239084081663,0.022332224760259114,0.16501990054731722,0.11998175944417198,Bihar,0.14665035749819183,-26.1117191384904,5.565608087384782,0.12743044206438683,-16.71031406786004,3.5858360174086394,0.8086507726913262,0.020752390840816634
0.09927299546867777,Wheat,BH_W_003,0.11813899700819588,25.85,85.8,0.658523959647906,0.4555504939559962,-0.013607101084537165,0.14629873855760958,-0.4338386162792605,0.26570802098064183,0.11216496377347532,Bihar,0.21586260350180167,-15.464319074918661,2.422593193607781,0.20630226499350054,-8.463785814781987,2.2690968582549824,0.6721310607324431,0.014629873855760958
0.06418862271241568,Wheat,BH_W_004,0.0843143736327639,25.72,85.22,0.7558465449139044,0.5540245617762838,0.19345747971993602,0.1340898391067755,-0.5188901745496142,0.26178805996510063,0.07746684397889055,Bihar,0.18750820941584234,-15.663546154712298,2.3788640435031714,0.16511167588833733,-7.658430622839815,2.3667303131084148,0.5623890651939684,0.01340898391067755
0.09493064960579553,Wheat,BH_W_005,0.11335196592924356,25.58,85.08,0.4855420521039601,0.2945938579748549,0.07816735284938445,0.08418296107490016,-0.3130391788371267,0.22077905159773203,0.11935587400266598,Bihar,0.21062375410320178,-15.392227237418469,2.8542177757327893,0.1615868176957153,-7.068244944892256,3.05989918335037,0.4073746992545757,0.008418296107490016
0.10865287424459565,Wheat,BH_W_006,0.12821697041705668,25.9,85.85,0.7588620566210705,0.5226932702966209,-0.01796473509684515,0.19158240233010568,-0.48346985040059043,0.319326822975129,0.11681656455276455,Bihar,0.23169062988030908,-16.33073479591481,2.671999411914145,0.18866525969347592,-8.99029059091093,2.1784019661445315,0.7768267917179157,0.01915824023301057
0.11671599856832975,Wheat,BH_W_007,0.132781482911432,25.78,85.28,0.6501292813911564,0.42340770656220295,-0.008995023709917815,0.15582416575699654,-0.40096608071224765,0.273705738401252,0.1263914566831037,Bihar,0.22260006691089707,-16.057213253332524,2.491005248685999,0.1919004070999795,-8.787664072830035,2.373088582799194,0.6591243051010742,0.015582416575699655
0.13212327480621108,Wheat,BH_W_008,0.16816442669814635,25.65,85.12,0.3474194220280356,0.18989648929797553,-0.010270426872983126,0.07989218448355806,-0.25087909328398156,0.27107966138171763,0.19129210866662022,Bihar,0.31780812261870395,-22.430699524232057,4.101384030733959,0.1497824092907419,-13.17985997046141,2.664517969402986,0.35768984890101874,0.007989218448355807
0.10120292571386875,Maize,BH_MZ_001,0.12245316208426567,25.2,85.5,0.5674365200559056,0.3834769611203112,0.12984781924475097,0.10849169293378821,-0.3832065496164395,0.2701372024610418,0.12288547169733861,Bihar,0.2447999274280205,-16.90864815117595,2.6558008084769145,0.16104875810035382,-8.77734817377545,2.5402542624683258,0.43758870081115464,0.010849169293378822
0.06909905660277033,Maize,BH_MZ_002,0.09117246690360736,25.3,85.6,0.779812609732912,0.4365163992213508,0.16869990830181658,0.18791056062225867,-0.44443337466538324,0.2420660060818549,0.09354866989393784,Bihar,0.21350692615916395,-18.295124721791062,2.732195812420057,0.1991236348316291,-11.214383618859044,2.2050090686271604,0.6111127014310954,0.018791056062225867
0.1284152187833583,Maize,BH_MZ_003,0.14341709427418053,25.15,85.45,0.653549615037084,0.4216082370511239,-0.03050217327174817,0.1657769240156253,-0.3956671721577573,0.28876904313008983,0.13620815989842652,Bihar,0.2288340217683529,-18.079950068630843,2.83479100938678,0.18815629844445658,-10.706829241674898,2.305191919675623,0.6840517883088322,0.01657769240156253
0.0644095562042952,Maize,BH_MZ_004,0.09013081651333307,25.35,85.65,0.8318155209231762,0.48382117184028617,0.16058205977016712,0.22491234170558,-0.4833480691078338,0.2683480183158683,0.09138631961449678,Bihar,0.215959021239016,-18.400048948322492,2.800732000032497,0.21295633553354995,-11.62648805465039,2.29053463898934,0.6712334611530091,0.022491234170558
0.07457601362940038,Maize,BH_MZ_005,0.09967003896486708,25.25,85.55,0.7198069990756896,0.4611601333401827,0.2179723335373265,0.14316887149335653,-0.4635472746447927,0.27537151345091415,0.10155829006842261,Bihar,0.2445019317972149,-17.532065113948782,2.7534813964340468,0.1947807614032059,-10.274007173562705,2.334205456787538,0.5018346655383631,0.014316887149335654
0.08514307008077679,Maize,BH_MZ_006,0.10795305867962847,25.4,85.7,0.769863127965253,0.3646686841265652,0.007300218233817452,0.1855939401512461,-0.39928845855748263,0.24235809457490123,0.11394302799614424,Bihar,0.23435861007923806,-18.065714218964487,3.1924008569678555,0.19097639199108787,-10.811667685332992,2.2680159274240643,0.7625629097314356,0.018559394015124613
0.11433483777133813,Maize,BH_MZ_007,0.13119415860906253,25.1,85.4,0.786875020405011,0.4862077525351214,0.012160918170215135,0.22433006994606558,-0.46199591730397577,0.3058692023761855,0.12495452205128225,Bihar,0.22814234332806532,-18.41312938741191,2.8063694214964183,0.1998331040134431,-11.370667438834353,2.375092427752488,0.7747141022347959,0.02243300699460656
0.08141092101803482,Maize,BH_MZ_008,0.1041823776865824,25.18,85.48,0.7507051330149287,0.4648744080717816,0.1772835454390152,0.18569910078563576,-0.45273828557801005,0.2836225074867695,0.1015315931366224,Bihar,0.22881615130425856,-18.13808978571715,2.74323334215225,0.16853649022392464,-10.321739727913904,2.369903095430343,0.5734215875759134,0.018569910078563578
0.07192401955020644,Gram,UP_G_001,0.09423388140825566,25.45,81.85,0.6446962889767797,0.42975197106549196,0.26202254476668824,0.1046892508193397,-0.4345190033073266,0.23622261124120403,0.09622430972955602,UP,0.19770537574312497,-15.18645993030081,2.311927899009517,0.2360694592492178,-8.803322063319571,2.2083689068663115,0.3826737442100914,0.01046892508193397
0.09780404227986825,Gram,UP_G_002,0.12906855419125016,25.5,81.9,0.8016841001242908,0.3737589597257251,0.05667734269468328,0.25633564673554815,-0.38694313760056936,0.29146545177100097,0.13425726498512622,UP,0.24960977652209443,-19.599424366361337,3.644904564990888,0.18359825209669192,-12.063219131833998,2.6931528646346554,0.7450067574296075,0.025633564673554817
0.07772432868958178,Gram,UP_G_003,0.1068743982044453,25.55,81.95,0.7208699593108885,0.4322414139408034,0.18958064349568318,0.1657777384436794,-0.44798940100778206,0.2777389619919948,0.11270484577151399,UP,0.24493613767699884,-18.477923780150114,3.2791551775028975,0.21675200262649932,-11.73381128796883,2.4547653970804832,0.5312893158152053,0.01657777384436794
0.09115141417619227,Gram,UP_G_004,0.12092330562546287,25.42,81.8,0.5938039804658455,0.36500565862839657,0.16557786677512074,0.12324282037800517,-0.3943951209164096,0.2757960108131582,0.13029007858191646,UP,0.25999439903508087,-16.979383234193183,2.556824799444553,0.23453872060754463,-10.5829940380671,2.232961265361877,0.4282261136907247,0.012324282037800519
0.10119473546840838,Gram,UP_G_005,0.12719495824053018,25.48,81.88,0.4506189539618906,0.2622028896986601,0.10306000567948287,0.09630775313455149,-0.29479369074185635,0.23798423259692192,0.13727201120201327,UP,0.23122838233948667,-15.443728869106865,2.6138641325702916,0.20550412503434026,-8.260274490646303,2.612074424927703,0.34755894828240774,0.00963077531345515
0.09288231583719961,Gram,UP_G_006,0.12550708779773037,25.52,81.92,0.8300963392677002,0.39069095163628337,0.0937708392732479,0.2535090994761821,-0.4075710740828933,0.3014750356776317,0.13228441015243153,UP,0.2614175789670758,-19.855491786320723,3.689874590775569,0.1804068782403857,-12.346907617608514,2.6165196375408692,0.7363254999944523,0.02535090994761821
0.07180494682380012,Gram,UP_G_007,0.09978467480806298,25.58,81.98,0.7539491973812946,0.48535727203127504,0.24214930896626513,0.15965802601208073,-0.4804779322490802,0.28067641234487056,0.10043413688138464,UP,0.22839050486784399,-17.30948717359668,2.820148226082913,0.22691354227839203,-10.76411715418465,2.312998374814739,0.5117998884150294,0.015965802601208074
0.09538430627625963,Gram,UP_G_008,0.1305894263998915,25.4,81.78,0.6272051480871021,0.3543295995387328,0.15422802691247378,0.1423102501649755,-0.39693112579446016,0.29849634645730805,0.14566248172681073,UP,0.29712767065845125,-18.96942099777575,3.0770044916685806,0.20908515289656815,-12.047508439325952,2.34487798014691,0.47297712117462837,0.014231025016497551
